image_id,task_pattern_3class,task_severity_5class,task_tg_5class,cornea_mask_coverage,ulcer_mask_coverage,ulcer_to_cornea_ratio
1,point_like,ulcer_geq_75pct,patch_gt_1mm,0.772566,0.0,0.0
2,point_like,ulcer_geq_75pct,patch_gt_1mm,0.798302,0.0,0.0
3,point_like,ulcer_leq_50pct,macro_punctate,0.771517,0.0,0.0
4,point_like,ulcer_leq_25pct,macro_punctate,0.792847,0.0,0.0
5,point_like,ulcer_geq_75pct,micro_punctate,0.785912,0.0,0.0
6,point_like,ulcer_geq_75pct,micro_punctate,0.786281,0.0,0.0
7,point_like,ulcer_geq_75pct,micro_punctate,0.759096,0.0,0.0
8,point_like,ulcer_geq_75pct,macro_punctate,0.772143,0.0,0.0
9,point_like,no_ulcer,no_ulcer,0.771624,0.0,0.0
10,point_like,ulcer_leq_50pct,micro_punctate,0.786137,0.0,0.0
11,point_like,ulcer_leq_25pct,micro_punctate,0.774552,0.0,0.0
12,point_like,ulcer_leq_25pct,micro_punctate,0.810531,0.0,0.0
13,point_like,ulcer_geq_75pct,micro_punctate,0.796788,0.0,0.0
14,point_like,ulcer_leq_50pct,micro_punctate,0.798124,0.0,0.0
15,point_like,ulcer_leq_50pct,macro_punctate,0.742578,0.0,0.0
16,point_like,no_ulcer,no_ulcer,0.752443,0.0,0.0
17,point_like,ulcer_leq_50pct,macro_punctate,0.782378,0.0,0.0
18,point_like,ulcer_leq_50pct,micro_punctate,0.78542,0.0,0.0
19,point_like,ulcer_geq_75pct,micro_punctate,0.794841,0.0,0.0
20,point_like,ulcer_leq_50pct,micro_punctate,0.862978,0.0,0.0
21,point_like,ulcer_leq_50pct,patch_gt_1mm,0.406834,0.0,0.0
22,point_like,ulcer_leq_50pct,patch_gt_1mm,0.74917,0.0,0.0
23,point_like,ulcer_leq_50pct,patch_gt_1mm,0.785074,0.0,0.0
24,point_like,ulcer_leq_50pct,patch_gt_1mm,0.785176,0.0,0.0
25,point_like,ulcer_leq_50pct,macro_punctate,0.787163,0.0,0.0
26,point_like,ulcer_geq_75pct,micro_punctate,0.778609,0.0,0.0
27,point_like,ulcer_geq_75pct,patch_gt_1mm,0.776185,0.0,0.0
28,point_like,ulcer_leq_50pct,patch_gt_1mm,0.785215,0.0,0.0
29,point_like,ulcer_geq_75pct,patch_gt_1mm,0.786424,0.0,0.0
30,point_like,ulcer_geq_75pct,patch_gt_1mm,0.778542,0.0,0.0
31,point_like,ulcer_geq_75pct,patch_gt_1mm,0.763531,0.0,0.0
32,point_like,ulcer_geq_75pct,patch_gt_1mm,0.780845,0.0,0.0
33,point_like,ulcer_geq_75pct,patch_gt_1mm,0.756316,0.0,0.0
34,point_like,ulcer_geq_75pct,patch_gt_1mm,0.785102,0.0,0.0
35,point_like,ulcer_geq_75pct,micro_punctate,0.756241,0.0,0.0
36,point_like,no_ulcer,no_ulcer,0.777055,0.0,0.0
37,point_like,ulcer_leq_50pct,patch_gt_1mm,0.775338,0.0,0.0
38,point_like,ulcer_leq_25pct,micro_punctate,0.784418,0.0,0.0
39,point_like,ulcer_geq_75pct,patch_gt_1mm,0.780925,0.0,0.0
40,point_like,ulcer_geq_75pct,patch_gt_1mm,0.794472,0.0,0.0
41,point_like,ulcer_geq_75pct,patch_gt_1mm,0.770702,0.0,0.0
42,point_like,ulcer_geq_75pct,patch_gt_1mm,0.758842,0.0,0.0
43,point_like,ulcer_geq_75pct,patch_gt_1mm,0.788259,0.0,0.0
44,point_like,ulcer_leq_25pct,macro_punctate,0.788976,0.0,0.0
45,point_like,ulcer_leq_50pct,patch_gt_1mm,0.744425,0.0,0.0
46,point_like,ulcer_geq_75pct,patch_gt_1mm,0.783309,0.0,0.0
47,point_like,ulcer_leq_50pct,patch_gt_1mm,0.784106,0.0,0.0
48,point_like,ulcer_geq_75pct,patch_gt_1mm,0.80676,0.0,0.0
49,point_like,ulcer_geq_75pct,patch_gt_1mm,0.80841,0.0,0.0
50,point_like,ulcer_geq_75pct,patch_gt_1mm,0.76997,0.0,0.0
51,point_like,ulcer_leq_25pct,patch_gt_1mm,0.81114,0.0,0.0
52,point_like,ulcer_leq_50pct,coalescent_macro_punctate,0.793255,0.0,0.0
53,point_like,ulcer_geq_75pct,patch_gt_1mm,0.751508,0.0,0.0
54,point_like,ulcer_leq_50pct,macro_punctate,0.780789,0.0,0.0
55,point_like,ulcer_leq_50pct,micro_punctate,0.788706,0.0,0.0
56,point_like,no_ulcer,no_ulcer,0.803359,0.0,0.0
57,point_like,no_ulcer,no_ulcer,0.759284,0.0,0.0
58,point_like,ulcer_geq_75pct,patch_gt_1mm,0.800247,0.0,0.0
59,point_like,ulcer_geq_75pct,patch_gt_1mm,0.758324,0.0,0.0
60,point_like,ulcer_leq_25pct,micro_punctate,0.804139,0.0,0.0
61,point_like,ulcer_leq_50pct,macro_punctate,0.759752,0.0,0.0
62,point_like,ulcer_geq_75pct,patch_gt_1mm,0.788302,0.0,0.0
63,point_like,ulcer_leq_50pct,patch_gt_1mm,0.748015,0.0,0.0
64,point_like,ulcer_leq_50pct,patch_gt_1mm,0.813651,0.0,0.0
65,point_like,ulcer_leq_25pct,patch_gt_1mm,0.770478,0.0,0.0
66,point_like,ulcer_leq_50pct,patch_gt_1mm,0.771111,0.0,0.0
67,point_like,ulcer_leq_50pct,patch_gt_1mm,0.781811,0.0,0.0
68,point_like,ulcer_leq_50pct,patch_gt_1mm,0.771458,0.0,0.0
69,point_like,ulcer_leq_50pct,macro_punctate,0.769176,0.0,0.0
70,point_like,ulcer_leq_25pct,patch_gt_1mm,0.784185,0.0,0.0
71,point_like,ulcer_geq_75pct,patch_gt_1mm,0.781416,0.0,0.0
72,point_like,no_ulcer,no_ulcer,0.792664,0.0,0.0
73,point_like,ulcer_leq_50pct,coalescent_macro_punctate,0.77552,0.0,0.0
74,point_like,ulcer_leq_50pct,patch_gt_1mm,0.789848,0.0,0.0
75,point_like,no_ulcer,no_ulcer,0.782763,0.0,0.0
76,point_like,ulcer_geq_75pct,patch_gt_1mm,0.795928,0.0,0.0
77,point_like,ulcer_leq_25pct,patch_gt_1mm,0.79427,0.0,0.0
78,point_like,ulcer_leq_25pct,micro_punctate,0.780319,0.0,0.0
79,point_like,ulcer_leq_50pct,patch_gt_1mm,0.757602,0.0,0.0
80,point_like,ulcer_geq_75pct,patch_gt_1mm,0.776443,0.0,0.0
81,point_like,ulcer_geq_75pct,patch_gt_1mm,0.7956,0.0,0.0
82,point_like,ulcer_geq_75pct,patch_gt_1mm,0.784713,0.0,0.0
83,point_like,ulcer_leq_50pct,patch_gt_1mm,0.787382,0.0,0.0
84,point_like,ulcer_geq_75pct,patch_gt_1mm,0.760069,0.0,0.0
85,point_like,ulcer_geq_75pct,patch_gt_1mm,0.800442,0.0,0.0
86,point_like,ulcer_geq_75pct,patch_gt_1mm,0.806619,0.0,0.0
87,point_like,ulcer_leq_25pct,micro_punctate,0.823079,0.0,0.0
88,point_like,ulcer_leq_25pct,patch_gt_1mm,0.811696,0.0,0.0
89,point_like,no_ulcer,no_ulcer,0.738651,0.0,0.0
90,point_like,ulcer_leq_25pct,patch_gt_1mm,0.745549,0.0,0.0
91,point_like,no_ulcer,no_ulcer,0.722608,0.0,0.0
92,point_like,ulcer_leq_25pct,micro_punctate,0.735943,0.0,0.0
93,point_like,ulcer_leq_50pct,patch_gt_1mm,0.778704,0.0,0.0
94,point_like,no_ulcer,no_ulcer,0.79363,0.0,0.0
95,point_like,ulcer_leq_50pct,patch_gt_1mm,0.535126,0.0,0.0
96,point_like,ulcer_leq_50pct,patch_gt_1mm,0.490216,0.0,0.0
97,point_like,ulcer_leq_25pct,patch_gt_1mm,0.742002,0.0,0.0
98,point_like,ulcer_geq_75pct,patch_gt_1mm,0.854293,0.0,0.0
99,point_like,ulcer_geq_75pct,patch_gt_1mm,0.53344,0.0,0.0
100,point_like,ulcer_geq_75pct,patch_gt_1mm,0.760552,0.0,0.0
101,point_like,ulcer_geq_75pct,patch_gt_1mm,0.748804,0.0,0.0
102,point_like,ulcer_geq_75pct,patch_gt_1mm,0.75626,0.0,0.0
103,point_like,ulcer_geq_75pct,patch_gt_1mm,0.754704,0.0,0.0
104,point_like,ulcer_geq_75pct,patch_gt_1mm,0.763266,0.0,0.0
105,point_like,ulcer_geq_75pct,patch_gt_1mm,0.624712,0.0,0.0
106,point_like,ulcer_geq_75pct,patch_gt_1mm,0.767737,0.0,0.0
107,point_like,ulcer_geq_75pct,patch_gt_1mm,0.81912,0.0,0.0
108,point_like,ulcer_leq_50pct,patch_gt_1mm,0.803263,0.0,0.0
109,point_like,ulcer_geq_75pct,patch_gt_1mm,0.786555,0.0,0.0
110,point_like,ulcer_geq_75pct,patch_gt_1mm,0.795797,0.0,0.0
111,point_like,ulcer_geq_75pct,patch_gt_1mm,0.757433,0.0,0.0
112,point_like,ulcer_geq_75pct,patch_gt_1mm,0.409595,0.0,0.0
113,point_like,ulcer_geq_75pct,patch_gt_1mm,0.795923,0.0,0.0
114,point_like,ulcer_leq_50pct,patch_gt_1mm,0.765691,0.0,0.0
115,point_like,ulcer_geq_75pct,patch_gt_1mm,0.827722,0.0,0.0
116,point_like,ulcer_geq_75pct,patch_gt_1mm,0.793757,0.0,0.0
117,point_like,ulcer_geq_75pct,patch_gt_1mm,0.518701,0.0,0.0
118,point_like,ulcer_geq_75pct,patch_gt_1mm,0.817326,0.0,0.0
119,point_like,ulcer_geq_75pct,patch_gt_1mm,0.806279,0.0,0.0
120,point_like,ulcer_leq_50pct,patch_gt_1mm,0.514882,0.0,0.0
121,point_like,ulcer_geq_75pct,patch_gt_1mm,0.783414,0.0,0.0
122,point_like,ulcer_geq_75pct,patch_gt_1mm,0.778146,0.0,0.0
123,point_like,ulcer_geq_75pct,patch_gt_1mm,0.779932,0.0,0.0
124,point_like,ulcer_geq_75pct,patch_gt_1mm,0.795443,0.0,0.0
125,point_like,ulcer_geq_75pct,patch_gt_1mm,0.81656,0.0,0.0
126,point_like,ulcer_leq_50pct,patch_gt_1mm,0.779689,0.0,0.0
127,point_like,ulcer_geq_75pct,patch_gt_1mm,0.767934,0.0,0.0
128,point_like,ulcer_geq_75pct,patch_gt_1mm,0.440369,0.0,0.0
129,point_like,ulcer_leq_50pct,patch_gt_1mm,0.791106,0.0,0.0
130,point_like,ulcer_geq_75pct,patch_gt_1mm,0.503965,0.0,0.0
131,point_like,ulcer_leq_50pct,patch_gt_1mm,0.797155,0.0,0.0
132,point_like,ulcer_leq_50pct,patch_gt_1mm,0.557429,0.0,0.0
133,point_like,ulcer_leq_50pct,patch_gt_1mm,0.578399,0.0,0.0
134,point_like,ulcer_leq_50pct,patch_gt_1mm,0.8192,0.0,0.0
135,point_like,ulcer_geq_75pct,patch_gt_1mm,0.78014,0.0,0.0
136,point_like,ulcer_geq_75pct,patch_gt_1mm,0.775489,0.0,0.0
137,point_like,ulcer_geq_75pct,patch_gt_1mm,0.774814,0.0,0.0
138,point_like,ulcer_geq_75pct,patch_gt_1mm,0.797072,0.0,0.0
139,point_like,ulcer_geq_75pct,patch_gt_1mm,0.450941,0.0,0.0
140,point_like,ulcer_geq_75pct,patch_gt_1mm,0.759068,0.0,0.0
141,point_like,ulcer_leq_50pct,patch_gt_1mm,0.617289,0.0,0.0
142,point_like,ulcer_leq_50pct,patch_gt_1mm,0.488768,0.0,0.0
143,point_like,ulcer_geq_75pct,patch_gt_1mm,0.753694,0.0,0.0
144,point_like,ulcer_geq_75pct,patch_gt_1mm,0.541583,0.0,0.0
145,point_like,ulcer_leq_50pct,patch_gt_1mm,0.775678,0.0,0.0
146,point_like,ulcer_leq_50pct,patch_gt_1mm,0.786712,0.0,0.0
147,point_like,ulcer_geq_75pct,patch_gt_1mm,0.781091,0.0,0.0
148,point_like,ulcer_geq_75pct,patch_gt_1mm,0.518485,0.0,0.0
149,point_like,ulcer_geq_75pct,patch_gt_1mm,0.467259,0.0,0.0
150,point_like,ulcer_geq_75pct,patch_gt_1mm,0.777314,0.0,0.0
151,point_like,ulcer_geq_75pct,patch_gt_1mm,0.782224,0.0,0.0
152,point_like,ulcer_geq_75pct,patch_gt_1mm,0.749255,0.0,0.0
153,point_like,ulcer_leq_50pct,patch_gt_1mm,0.789872,0.0,0.0
154,point_like,ulcer_leq_50pct,patch_gt_1mm,0.789426,0.0,0.0
155,point_like,ulcer_leq_50pct,micro_punctate,0.577511,0.0,0.0
156,point_like,ulcer_leq_50pct,patch_gt_1mm,0.479025,0.0,0.0
157,point_like,ulcer_leq_25pct,patch_gt_1mm,0.43668,0.0,0.0
158,point_like,ulcer_geq_75pct,patch_gt_1mm,0.791069,0.0,0.0
159,point_like,ulcer_geq_75pct,patch_gt_1mm,0.845359,0.0,0.0
160,point_like,no_ulcer,no_ulcer,0.530014,0.0,0.0
161,point_like,ulcer_geq_75pct,patch_gt_1mm,0.749219,0.0,0.0
162,point_like,ulcer_leq_25pct,patch_gt_1mm,0.767993,0.0,0.0
163,point_like,no_ulcer,no_ulcer,0.774088,0.0,0.0
164,point_like,no_ulcer,no_ulcer,0.496351,0.0,0.0
165,point_like,no_ulcer,no_ulcer,0.76804,0.0,0.0
166,point_like,ulcer_geq_75pct,patch_gt_1mm,0.465867,0.0,0.0
167,point_like,ulcer_geq_75pct,patch_gt_1mm,0.442558,0.0,0.0
168,point_like,ulcer_geq_75pct,patch_gt_1mm,0.532261,0.0,0.0
169,point_like,ulcer_geq_75pct,patch_gt_1mm,0.517568,0.0,0.0
170,point_like,ulcer_geq_75pct,patch_gt_1mm,0.451143,0.0,0.0
171,point_like,ulcer_geq_75pct,patch_gt_1mm,0.651447,0.0,0.0
172,point_like,ulcer_leq_50pct,patch_gt_1mm,0.512512,0.0,0.0
173,point_like,ulcer_geq_75pct,patch_gt_1mm,0.516327,0.0,0.0
174,point_like,ulcer_leq_25pct,patch_gt_1mm,0.492374,0.0,0.0
175,point_like,no_ulcer,no_ulcer,0.444411,0.0,0.0
176,point_like,ulcer_geq_75pct,patch_gt_1mm,0.636179,0.0,0.0
177,point_like,ulcer_geq_75pct,patch_gt_1mm,0.637923,0.0,0.0
178,point_like,ulcer_leq_25pct,patch_gt_1mm,0.562247,0.0,0.0
179,point_like,no_ulcer,no_ulcer,0.505875,0.0,0.0
180,point_like,no_ulcer,no_ulcer,0.55334,0.0,0.0
181,point_like,ulcer_leq_50pct,patch_gt_1mm,0.451413,0.0,0.0
182,point_like,ulcer_leq_50pct,macro_punctate,0.491163,0.0,0.0
183,point_like,ulcer_leq_25pct,patch_gt_1mm,0.428248,0.0,0.0
184,point_like,no_ulcer,no_ulcer,0.790223,0.0,0.0
185,point_like,ulcer_leq_50pct,patch_gt_1mm,0.783618,0.0,0.0
186,point_like,no_ulcer,no_ulcer,0.760921,0.0,0.0
187,point_like,ulcer_geq_75pct,patch_gt_1mm,0.761664,0.0,0.0
188,point_like,ulcer_leq_50pct,patch_gt_1mm,0.548401,0.0,0.0
189,point_like,ulcer_geq_75pct,patch_gt_1mm,0.530206,0.0,0.0
190,point_like,ulcer_leq_50pct,patch_gt_1mm,0.734269,0.0,0.0
191,point_like,ulcer_leq_50pct,patch_gt_1mm,0.508457,0.0,0.0
192,point_like,ulcer_leq_50pct,patch_gt_1mm,0.496755,0.0,0.0
193,point_like,no_ulcer,no_ulcer,0.746262,0.0,0.0
194,point_like,ulcer_geq_75pct,patch_gt_1mm,0.591348,0.0,0.0
195,point_like,ulcer_geq_75pct,patch_gt_1mm,0.741533,0.0,0.0
196,point_like,ulcer_leq_25pct,macro_punctate,0.762604,0.0,0.0
197,point_like,ulcer_geq_75pct,patch_gt_1mm,0.750006,0.0,0.0
198,point_like,ulcer_leq_50pct,patch_gt_1mm,0.569966,0.0,0.0
199,point_like,ulcer_leq_50pct,macro_punctate,0.551062,0.0,0.0
200,point_like,ulcer_leq_25pct,micro_punctate,0.545939,0.0,0.0
201,point_like,ulcer_leq_50pct,patch_gt_1mm,0.449949,0.0,0.0
202,point_like,ulcer_geq_75pct,patch_gt_1mm,0.42019,0.0,0.0
203,point_like,ulcer_geq_75pct,patch_gt_1mm,0.753984,0.0,0.0
204,point_like,ulcer_leq_50pct,patch_gt_1mm,0.746812,0.0,0.0
205,point_like,no_ulcer,no_ulcer,0.416419,0.0,0.0
206,point_like,ulcer_leq_50pct,patch_gt_1mm,0.410539,0.0,0.0
207,point_like,ulcer_leq_25pct,patch_gt_1mm,0.410107,0.0,0.0
208,point_like,ulcer_leq_50pct,patch_gt_1mm,0.410928,0.0,0.0
209,point_like,ulcer_geq_75pct,patch_gt_1mm,0.479093,0.0,0.0
210,point_like,ulcer_leq_25pct,macro_punctate,0.463915,0.0,0.0
211,point_like,no_ulcer,no_ulcer,0.78823,0.0,0.0
212,point_like,ulcer_leq_50pct,patch_gt_1mm,0.595141,0.0,0.0
213,point_like,ulcer_leq_50pct,patch_gt_1mm,0.607089,0.0,0.0
214,point_like,ulcer_geq_75pct,patch_gt_1mm,0.463818,0.0,0.0
215,point_like,ulcer_geq_75pct,patch_gt_1mm,0.508561,0.0,0.0
216,point_like,ulcer_geq_75pct,patch_gt_1mm,0.782927,0.0,0.0
217,point_like,ulcer_geq_75pct,patch_gt_1mm,0.540038,0.0,0.0
218,point_like,ulcer_geq_75pct,patch_gt_1mm,0.781277,0.0,0.0
219,point_like,no_ulcer,no_ulcer,0.782852,0.0,0.0
220,point_like,ulcer_leq_25pct,patch_gt_1mm,0.539567,0.0,0.0
221,point_like,ulcer_geq_75pct,patch_gt_1mm,0.552735,0.0,0.0
222,point_like,ulcer_geq_75pct,patch_gt_1mm,0.582249,0.0,0.0
223,point_like,ulcer_geq_75pct,patch_gt_1mm,0.757156,0.0,0.0
224,point_like,ulcer_leq_50pct,patch_gt_1mm,0.455044,0.0,0.0
225,point_like,ulcer_leq_50pct,patch_gt_1mm,0.462531,0.0,0.0
226,point_like,ulcer_geq_75pct,patch_gt_1mm,0.422191,0.0,0.0
227,point_like,ulcer_leq_25pct,micro_punctate,0.418672,0.0,0.0
228,point_like,ulcer_leq_50pct,patch_gt_1mm,0.732853,0.0,0.0
229,point_like,ulcer_leq_50pct,patch_gt_1mm,0.743709,0.0,0.0
230,point_like,ulcer_leq_50pct,patch_gt_1mm,0.407678,0.0,0.0
231,point_like,ulcer_leq_50pct,patch_gt_1mm,0.418223,0.0,0.0
232,point_like,ulcer_leq_25pct,patch_gt_1mm,0.448126,0.0,0.0
233,point_like,ulcer_leq_25pct,patch_gt_1mm,0.421231,0.0,0.0
234,point_like,ulcer_leq_50pct,patch_gt_1mm,0.459529,0.0,0.0
235,point_like,ulcer_geq_75pct,patch_gt_1mm,0.823179,0.0,0.0
236,point_like,ulcer_geq_75pct,macro_punctate,0.811105,0.0,0.0
237,point_like,ulcer_leq_50pct,patch_gt_1mm,0.463963,0.0,0.0
238,point_like,ulcer_geq_75pct,patch_gt_1mm,0.541125,0.0,0.0
239,point_like,ulcer_leq_50pct,patch_gt_1mm,0.464455,0.0,0.0
240,point_like,ulcer_geq_75pct,macro_punctate,0.417111,0.0,0.0
241,point_like,ulcer_geq_75pct,patch_gt_1mm,0.801262,0.0,0.0
242,point_like,ulcer_geq_75pct,patch_gt_1mm,0.806035,0.0,0.0
243,point_like,ulcer_leq_50pct,micro_punctate,0.483149,0.0,0.0
244,point_like,ulcer_leq_25pct,micro_punctate,0.501995,0.0,0.0
245,point_like,ulcer_geq_75pct,patch_gt_1mm,0.50395,0.0,0.0
246,point_like,ulcer_geq_75pct,patch_gt_1mm,0.473347,0.0,0.0
247,point_like,ulcer_leq_50pct,patch_gt_1mm,0.467379,0.0,0.0
248,point_like,ulcer_geq_75pct,patch_gt_1mm,0.459273,0.0,0.0
249,point_like,ulcer_leq_50pct,patch_gt_1mm,0.765512,0.0,0.0
250,point_like,ulcer_geq_75pct,patch_gt_1mm,0.62031,0.0,0.0
251,point_like,ulcer_leq_50pct,patch_gt_1mm,0.481718,0.0,0.0
252,point_like,ulcer_leq_50pct,patch_gt_1mm,0.470048,0.0,0.0
253,point_like,ulcer_leq_50pct,micro_punctate,0.398694,0.0,0.0
254,point_like,ulcer_geq_75pct,patch_gt_1mm,0.452935,0.0,0.0
255,point_like,ulcer_geq_75pct,patch_gt_1mm,0.437416,0.0,0.0
256,point_like,ulcer_geq_75pct,patch_gt_1mm,0.803859,0.0,0.0
257,point_like,ulcer_geq_75pct,patch_gt_1mm,0.781107,0.0,0.0
258,point_like,ulcer_leq_25pct,macro_punctate,0.422151,0.0,0.0
259,point_like,ulcer_geq_75pct,patch_gt_1mm,0.411991,0.0,0.0
260,point_like,ulcer_geq_75pct,patch_gt_1mm,0.427727,0.0,0.0
261,point_like,ulcer_leq_50pct,patch_gt_1mm,0.496269,0.0,0.0
262,point_like,ulcer_geq_75pct,patch_gt_1mm,0.470425,0.0,0.0
263,point_like,no_ulcer,no_ulcer,0.483383,0.0,0.0
264,point_like,ulcer_leq_50pct,patch_gt_1mm,0.662533,0.0,0.0
265,point_like,ulcer_leq_50pct,patch_gt_1mm,0.770976,0.0,0.0
266,point_like,ulcer_geq_75pct,patch_gt_1mm,0.765484,0.0,0.0
267,point_like,ulcer_geq_75pct,patch_gt_1mm,0.772128,0.0,0.0
268,point_like,ulcer_leq_25pct,macro_punctate,0.457636,0.0,0.0
269,point_like,ulcer_leq_50pct,patch_gt_1mm,0.463215,0.0,0.0
270,point_like,ulcer_leq_25pct,patch_gt_1mm,0.766545,0.0,0.0
271,point_like,ulcer_leq_50pct,micro_punctate,0.387412,0.0,0.0
272,point_like,no_ulcer,no_ulcer,0.416188,0.0,0.0
273,point_like,ulcer_geq_75pct,patch_gt_1mm,0.486534,0.0,0.0
274,point_like,ulcer_geq_75pct,patch_gt_1mm,0.545132,0.0,0.0
275,point_like,ulcer_geq_75pct,patch_gt_1mm,0.80141,0.0,0.0
276,point_like,ulcer_leq_25pct,micro_punctate,0.798908,0.0,0.0
277,point_like,ulcer_leq_25pct,macro_punctate,0.722751,0.0,0.0
278,point_like,ulcer_geq_75pct,patch_gt_1mm,0.494948,0.0,0.0
279,point_like,ulcer_leq_50pct,patch_gt_1mm,0.472365,0.0,0.0
280,point_like,no_ulcer,no_ulcer,0.769157,0.0,0.0
281,point_like,no_ulcer,no_ulcer,0.786497,0.0,0.0
282,point_like,ulcer_geq_75pct,patch_gt_1mm,0.715155,0.0,0.0
283,point_like,ulcer_geq_75pct,patch_gt_1mm,0.72185,0.0,0.0
284,point_like,ulcer_geq_75pct,patch_gt_1mm,0.707633,0.0,0.0
285,point_like,ulcer_geq_75pct,patch_gt_1mm,0.715109,0.0,0.0
286,point_like,ulcer_geq_75pct,patch_gt_1mm,0.728417,0.0,0.0
287,point_like,ulcer_geq_75pct,patch_gt_1mm,0.738613,0.0,0.0
288,point_like,ulcer_leq_50pct,micro_punctate,0.508276,0.0,0.0
289,point_like,ulcer_leq_25pct,patch_gt_1mm,0.438917,0.0,0.0
290,point_like,ulcer_leq_25pct,patch_gt_1mm,0.770346,0.0,0.0
291,point_like,ulcer_leq_50pct,patch_gt_1mm,0.461942,0.0,0.0
292,point_like,ulcer_geq_75pct,patch_gt_1mm,0.497085,0.0,0.0
293,point_like,ulcer_leq_50pct,macro_punctate,0.50381,0.0,0.0
294,point_like,ulcer_leq_50pct,patch_gt_1mm,0.457048,0.0,0.0
295,point_like,no_ulcer,no_ulcer,0.49614,0.0,0.0
296,point_like,ulcer_leq_50pct,macro_punctate,0.526141,0.0,0.0
297,point_like,no_ulcer,no_ulcer,0.752933,0.0,0.0
298,point_like,ulcer_leq_25pct,micro_punctate,0.754937,0.0,0.0
299,point_like,ulcer_geq_75pct,patch_gt_1mm,0.475535,0.0,0.0
300,point_like,ulcer_leq_50pct,patch_gt_1mm,0.440925,0.0,0.0
301,point_like,ulcer_leq_50pct,patch_gt_1mm,0.424093,0.0,0.0
302,point_like,ulcer_geq_75pct,macro_punctate,0.674334,0.0,0.0
303,point_like,ulcer_leq_50pct,patch_gt_1mm,0.739314,0.0,0.0
304,point_like,ulcer_geq_75pct,patch_gt_1mm,0.789115,0.0,0.0
305,point_like,ulcer_geq_75pct,patch_gt_1mm,0.772644,0.0,0.0
306,point_like,ulcer_geq_75pct,patch_gt_1mm,0.448963,0.0,0.0
307,point_like,ulcer_leq_25pct,patch_gt_1mm,0.521274,0.0,0.0
308,point_like,no_ulcer,no_ulcer,0.478019,0.0,0.0
309,point_like,ulcer_leq_50pct,patch_gt_1mm,0.441349,0.0,0.0
310,point_like,ulcer_geq_75pct,patch_gt_1mm,0.422191,0.0,0.0
311,point_like,ulcer_leq_25pct,micro_punctate,0.778214,0.0,0.0
312,point_like,ulcer_geq_75pct,patch_gt_1mm,0.765676,0.0,0.0
313,point_like,ulcer_leq_25pct,patch_gt_1mm,0.427207,0.0,0.0
314,point_like,ulcer_geq_75pct,patch_gt_1mm,0.385834,0.0,0.0
315,point_like,ulcer_leq_50pct,macro_punctate,0.451081,0.0,0.0
316,point_like,ulcer_leq_50pct,patch_gt_1mm,0.438587,0.0,0.0
317,point_like,ulcer_geq_75pct,patch_gt_1mm,0.793758,0.0,0.0
318,point_like,ulcer_geq_75pct,patch_gt_1mm,0.766444,0.0,0.0
319,point_like,ulcer_leq_50pct,patch_gt_1mm,0.766217,0.0,0.0
320,point_like,ulcer_leq_50pct,coalescent_macro_punctate,0.768645,0.0,0.0
321,point_like,ulcer_leq_25pct,micro_punctate,0.804803,0.0,0.0
322,point_like,no_ulcer,no_ulcer,0.772371,0.0,0.0
323,point_like,ulcer_geq_75pct,patch_gt_1mm,0.757474,0.0,0.0
324,point_like,no_ulcer,no_ulcer,0.747046,0.0,0.0
325,point_like,ulcer_geq_75pct,patch_gt_1mm,0.773446,0.0,0.0
326,point_like,ulcer_geq_75pct,patch_gt_1mm,0.780739,0.0,0.0
327,point_like,ulcer_geq_75pct,patch_gt_1mm,0.749727,0.0,0.0
328,point_like,ulcer_leq_25pct,micro_punctate,0.751156,0.0,0.0
329,point_like,ulcer_leq_25pct,micro_punctate,0.420291,0.0,0.0
330,point_like,no_ulcer,no_ulcer,0.769207,0.0,0.0
331,point_like,ulcer_geq_75pct,patch_gt_1mm,0.486796,0.0,0.0
332,point_like,ulcer_geq_75pct,patch_gt_1mm,0.746857,0.0,0.0
333,point_like,ulcer_leq_50pct,patch_gt_1mm,0.380764,0.0,0.0
334,point_like,ulcer_geq_75pct,patch_gt_1mm,0.784723,0.0,0.0
335,point_like,ulcer_geq_75pct,patch_gt_1mm,0.790617,0.0,0.0
336,point_like,ulcer_leq_25pct,micro_punctate,0.781404,0.0,0.0
337,point_like,ulcer_leq_50pct,patch_gt_1mm,0.490625,0.0,0.0
338,point_like,no_ulcer,no_ulcer,0.449511,0.0,0.0
339,point_like,ulcer_geq_75pct,macro_punctate,0.787531,0.0,0.0
340,point_like,ulcer_geq_75pct,macro_punctate,0.7631,0.0,0.0
341,point_like,ulcer_geq_75pct,patch_gt_1mm,0.766578,0.0,0.0
342,point_like,ulcer_leq_50pct,patch_gt_1mm,0.435711,0.0,0.0
343,point_like,no_ulcer,no_ulcer,0.791019,0.0,0.0
344,point_like,ulcer_leq_50pct,patch_gt_1mm,0.744858,0.0,0.0
345,point_like,ulcer_leq_50pct,patch_gt_1mm,0.777699,0.0,0.0
346,point_like,ulcer_geq_75pct,patch_gt_1mm,0.43059,0.0,0.0
347,point_like,ulcer_geq_75pct,patch_gt_1mm,0.452075,0.0,0.0
348,point_like,ulcer_geq_75pct,patch_gt_1mm,0.757691,0.0,0.0
349,point_like,ulcer_geq_75pct,patch_gt_1mm,0.393502,0.0,0.0
350,point_like,ulcer_leq_50pct,patch_gt_1mm,0.778369,0.0,0.0
351,point_like,ulcer_leq_50pct,macro_punctate,0.424529,0.0,0.0
352,point_like,ulcer_geq_75pct,patch_gt_1mm,0.787345,0.0,0.0
353,point_like,ulcer_leq_25pct,micro_punctate,0.763697,0.0,0.0
354,point_like,ulcer_leq_25pct,coalescent_macro_punctate,0.433707,0.0,0.0
355,point_like,ulcer_leq_50pct,patch_gt_1mm,0.458396,0.0,0.0
356,point_like,ulcer_geq_75pct,patch_gt_1mm,0.800988,0.0,0.0
357,point_like,ulcer_geq_75pct,patch_gt_1mm,0.78306,0.0,0.0
358,point_like,no_ulcer,no_ulcer,0.760459,0.0,0.0
359,point_flaky_mixed,central_ulcer,patch_gt_1mm,0.441515,0.952654,2.157694
360,point_flaky_mixed,central_ulcer,patch_gt_1mm,0.804387,0.991052,1.232058
361,point_flaky_mixed,central_ulcer,patch_gt_1mm,0.534179,0.96956,1.815048
362,point_flaky_mixed,central_ulcer,patch_gt_1mm,0.451725,0.860285,1.904444
363,point_flaky_mixed,ulcer_leq_50pct,patch_gt_1mm,0.774833,0.992929,1.281475
364,point_flaky_mixed,central_ulcer,patch_gt_1mm,0.625926,0.988408,1.579112
365,point_flaky_mixed,central_ulcer,patch_gt_1mm,0.76161,0.982451,1.289966
366,point_flaky_mixed,central_ulcer,patch_gt_1mm,0.729576,0.905628,1.241306
367,point_flaky_mixed,central_ulcer,patch_gt_1mm,0.488762,0.928607,1.899917
368,point_flaky_mixed,central_ulcer,patch_gt_1mm,0.770036,0.970603,1.260464
369,point_flaky_mixed,central_ulcer,patch_gt_1mm,0.769974,0.971696,1.261984
370,point_flaky_mixed,ulcer_geq_75pct,macro_punctate,0.781682,0.995488,1.273521
371,point_flaky_mixed,ulcer_leq_50pct,patch_gt_1mm,0.741762,0.991683,1.336928
372,point_flaky_mixed,ulcer_geq_75pct,micro_punctate,0.845013,0.97755,1.156845
373,point_flaky_mixed,ulcer_geq_75pct,patch_gt_1mm,0.772802,0.99468,1.287109
374,point_flaky_mixed,ulcer_geq_75pct,patch_gt_1mm,0.787194,0.989826,1.257411
375,point_flaky_mixed,ulcer_leq_50pct,macro_punctate,0.873894,0.892415,1.021194
376,point_flaky_mixed,ulcer_leq_50pct,patch_gt_1mm,0.824293,0.921334,1.117727
377,point_flaky_mixed,ulcer_leq_50pct,patch_gt_1mm,0.738732,0.934366,1.264824
378,point_flaky_mixed,ulcer_leq_50pct,patch_gt_1mm,0.787151,0.959516,1.218974
379,point_flaky_mixed,ulcer_leq_50pct,patch_gt_1mm,0.802399,0.933904,1.16389
380,point_flaky_mixed,ulcer_leq_25pct,patch_gt_1mm,0.77654,0.973343,1.253435
381,point_flaky_mixed,ulcer_geq_75pct,patch_gt_1mm,0.785817,0.958793,1.220123
382,point_flaky_mixed,ulcer_geq_75pct,macro_punctate,0.754772,0.973952,1.290392
383,point_flaky_mixed,ulcer_geq_75pct,macro_punctate,0.783916,0.998782,1.274092
384,point_flaky_mixed,ulcer_geq_75pct,coalescent_macro_punctate,0.611916,0.876122,1.431769
385,point_flaky_mixed,ulcer_geq_75pct,patch_gt_1mm,0.737676,0.979449,1.327749
386,point_flaky_mixed,ulcer_leq_50pct,patch_gt_1mm,0.752422,0.984891,1.308961
387,point_flaky_mixed,ulcer_geq_75pct,micro_punctate,0.76284,0.995027,1.304371
388,point_flaky_mixed,ulcer_leq_50pct,micro_punctate,0.790959,0.998369,1.262226
389,point_flaky_mixed,ulcer_geq_75pct,patch_gt_1mm,0.795691,0.995229,1.250773
390,point_flaky_mixed,ulcer_leq_50pct,patch_gt_1mm,0.783898,0.980538,1.250849
391,point_flaky_mixed,ulcer_leq_50pct,micro_punctate,0.764576,0.995042,1.301429
392,point_flaky_mixed,ulcer_leq_25pct,micro_punctate,0.809401,0.988997,1.221888
393,point_flaky_mixed,ulcer_leq_25pct,patch_gt_1mm,0.773154,0.972518,1.257857
394,point_flaky_mixed,ulcer_leq_25pct,patch_gt_1mm,0.762161,0.954814,1.252772
395,point_flaky_mixed,ulcer_leq_50pct,patch_gt_1mm,0.756503,0.978225,1.293088
396,point_flaky_mixed,ulcer_geq_75pct,macro_punctate,0.771825,0.994625,1.288666
397,point_flaky_mixed,ulcer_geq_75pct,macro_punctate,0.789845,0.996864,1.262102
398,point_flaky_mixed,ulcer_leq_50pct,patch_gt_1mm,0.795891,0.99842,1.254468
399,point_flaky_mixed,ulcer_geq_75pct,patch_gt_1mm,0.781064,0.960438,1.229653
400,point_flaky_mixed,ulcer_leq_25pct,micro_punctate,0.759568,0.996355,1.31174
401,point_flaky_mixed,ulcer_leq_25pct,patch_gt_1mm,0.782956,0.99235,1.267442
402,point_flaky_mixed,ulcer_geq_75pct,micro_punctate,0.784863,0.996872,1.270122
403,point_flaky_mixed,ulcer_leq_25pct,micro_punctate,0.795542,0.998882,1.255599
404,point_flaky_mixed,ulcer_geq_75pct,macro_punctate,0.779164,0.993842,1.275522
405,point_flaky_mixed,ulcer_geq_75pct,patch_gt_1mm,0.778531,0.990021,1.271653
406,point_flaky_mixed,ulcer_geq_75pct,patch_gt_1mm,0.758662,0.963867,1.270483
407,point_flaky_mixed,ulcer_leq_25pct,micro_punctate,0.771026,0.992816,1.287656
408,point_flaky_mixed,ulcer_leq_25pct,patch_gt_1mm,0.790806,0.952222,1.204115
409,point_flaky_mixed,ulcer_leq_25pct,patch_gt_1mm,0.778318,0.950274,1.220933
410,point_flaky_mixed,ulcer_leq_50pct,patch_gt_1mm,0.764259,0.974328,1.274866
411,point_flaky_mixed,ulcer_leq_50pct,patch_gt_1mm,0.770749,0.969817,1.258278
412,point_flaky_mixed,ulcer_leq_50pct,patch_gt_1mm,0.771379,0.976693,1.266165
413,point_flaky_mixed,ulcer_geq_75pct,patch_gt_1mm,0.728911,0.982035,1.347265
414,point_flaky_mixed,ulcer_leq_50pct,micro_punctate,0.788853,0.987611,1.251958
415,point_flaky_mixed,ulcer_leq_25pct,patch_gt_1mm,0.746542,0.99023,1.326422
416,point_flaky_mixed,ulcer_leq_25pct,patch_gt_1mm,0.7961,0.966695,1.214288
417,point_flaky_mixed,ulcer_leq_50pct,micro_punctate,0.797699,0.997033,1.249887
418,point_flaky_mixed,ulcer_leq_25pct,patch_gt_1mm,0.761777,0.98515,1.293226
419,point_flaky_mixed,ulcer_leq_25pct,macro_punctate,0.728537,0.990849,1.360052
420,point_flaky_mixed,ulcer_geq_75pct,micro_punctate,0.776561,0.997148,1.284057
421,point_flaky_mixed,ulcer_geq_75pct,patch_gt_1mm,0.745017,0.995204,1.335813
422,point_flaky_mixed,ulcer_geq_75pct,patch_gt_1mm,0.753551,0.979572,1.299941
423,point_flaky_mixed,ulcer_geq_75pct,patch_gt_1mm,0.81087,0.967452,1.193103
424,point_flaky_mixed,ulcer_leq_50pct,patch_gt_1mm,0.78362,0.94059,1.200314
425,point_flaky_mixed,ulcer_geq_75pct,patch_gt_1mm,0.770396,0.981845,1.274469
426,point_flaky_mixed,ulcer_leq_25pct,patch_gt_1mm,0.74539,0.90564,1.214988
427,point_flaky_mixed,ulcer_leq_50pct,patch_gt_1mm,0.782228,0.971109,1.241465
428,point_flaky_mixed,ulcer_leq_50pct,patch_gt_1mm,0.781263,0.979319,1.253507
429,point_flaky_mixed,ulcer_leq_50pct,patch_gt_1mm,0.784117,0.975556,1.244147
430,point_flaky_mixed,ulcer_geq_75pct,patch_gt_1mm,0.698623,0.956832,1.369596
431,point_flaky_mixed,ulcer_leq_25pct,patch_gt_1mm,0.805592,0.940475,1.167433
432,point_flaky_mixed,ulcer_geq_75pct,patch_gt_1mm,0.767861,0.916805,1.193971
433,point_flaky_mixed,ulcer_leq_50pct,patch_gt_1mm,0.803489,0.921754,1.14719
434,point_flaky_mixed,ulcer_geq_75pct,patch_gt_1mm,0.776361,0.992348,1.278204
435,point_flaky_mixed,ulcer_leq_25pct,patch_gt_1mm,0.767317,0.912748,1.189533
436,point_flaky_mixed,ulcer_leq_50pct,patch_gt_1mm,0.785563,0.913405,1.162739
437,point_flaky_mixed,ulcer_leq_50pct,patch_gt_1mm,0.81388,0.921718,1.132499
438,point_flaky_mixed,ulcer_geq_75pct,patch_gt_1mm,0.776203,0.990089,1.275555
439,point_flaky_mixed,ulcer_leq_50pct,patch_gt_1mm,0.772316,0.963818,1.247958
440,point_flaky_mixed,ulcer_geq_75pct,patch_gt_1mm,0.778326,0.984689,1.265137
441,point_flaky_mixed,ulcer_leq_25pct,patch_gt_1mm,0.793066,0.923325,1.164246
442,point_flaky_mixed,ulcer_leq_25pct,patch_gt_1mm,0.79004,0.950784,1.203463
443,point_flaky_mixed,ulcer_geq_75pct,patch_gt_1mm,0.752166,0.976653,1.298454
444,point_flaky_mixed,ulcer_leq_50pct,patch_gt_1mm,0.811007,0.950864,1.172448
445,point_flaky_mixed,ulcer_geq_75pct,patch_gt_1mm,0.797434,0.932183,1.168978
446,point_flaky_mixed,ulcer_leq_25pct,patch_gt_1mm,0.770742,0.964979,1.252014
447,point_flaky_mixed,ulcer_geq_75pct,micro_punctate,0.799628,0.989055,1.236894
448,point_flaky_mixed,ulcer_geq_75pct,patch_gt_1mm,0.770824,0.949753,1.232127
449,point_flaky_mixed,ulcer_leq_25pct,patch_gt_1mm,0.785139,0.987642,1.25792
450,point_flaky_mixed,ulcer_geq_75pct,patch_gt_1mm,0.779683,0.980231,1.257218
451,point_flaky_mixed,ulcer_geq_75pct,patch_gt_1mm,0.78846,0.981964,1.24542
452,point_flaky_mixed,ulcer_leq_25pct,macro_punctate,0.773934,0.861857,1.113606
453,point_flaky_mixed,ulcer_geq_75pct,patch_gt_1mm,0.80599,0.98852,1.226467
454,point_flaky_mixed,ulcer_geq_75pct,micro_punctate,0.747766,0.987901,1.321136
455,point_flaky_mixed,ulcer_leq_50pct,patch_gt_1mm,0.810502,0.933321,1.151535
456,point_flaky_mixed,ulcer_leq_50pct,patch_gt_1mm,0.774622,0.961554,1.24132
457,point_flaky_mixed,ulcer_leq_50pct,patch_gt_1mm,0.792502,0.949112,1.197614
458,point_flaky_mixed,ulcer_leq_50pct,patch_gt_1mm,0.803214,0.973249,1.211694
459,point_flaky_mixed,ulcer_leq_25pct,patch_gt_1mm,0.791701,0.976558,1.233493
460,point_flaky_mixed,ulcer_leq_50pct,patch_gt_1mm,0.791298,0.97575,1.233101
461,point_flaky_mixed,ulcer_geq_75pct,micro_punctate,0.771484,0.996421,1.291565
462,point_flaky_mixed,ulcer_geq_75pct,micro_punctate,0.805414,0.979698,1.216391
463,point_flaky_mixed,ulcer_leq_50pct,micro_punctate,0.782973,0.999536,1.276591
464,point_flaky_mixed,ulcer_geq_75pct,patch_gt_1mm,0.77638,0.973339,1.253689
465,point_flaky_mixed,ulcer_leq_25pct,patch_gt_1mm,0.791334,0.963394,1.21743
466,point_flaky_mixed,ulcer_leq_25pct,patch_gt_1mm,0.795403,0.990485,1.245262
467,point_flaky_mixed,ulcer_geq_75pct,patch_gt_1mm,0.401567,0.973082,2.42321
468,point_flaky_mixed,ulcer_geq_75pct,patch_gt_1mm,0.764805,0.989689,1.294041
469,point_flaky_mixed,ulcer_leq_50pct,patch_gt_1mm,0.767536,0.987611,1.286729
470,point_flaky_mixed,ulcer_leq_50pct,patch_gt_1mm,0.436825,0.971102,2.223091
471,point_flaky_mixed,ulcer_leq_50pct,patch_gt_1mm,0.731793,0.980809,1.340283
472,point_flaky_mixed,ulcer_geq_75pct,patch_gt_1mm,0.802042,0.937089,1.168379
473,point_flaky_mixed,ulcer_geq_75pct,patch_gt_1mm,0.583977,0.854905,1.463936
474,point_flaky_mixed,ulcer_geq_75pct,patch_gt_1mm,0.7777,0.959926,1.234313
475,point_flaky_mixed,central_ulcer,patch_gt_1mm,0.80898,0.963771,1.191341
476,point_flaky_mixed,ulcer_leq_50pct,macro_punctate,0.816686,0.977932,1.197439
477,point_flaky_mixed,ulcer_leq_25pct,patch_gt_1mm,0.785794,0.886242,1.127829
478,point_flaky_mixed,ulcer_leq_25pct,patch_gt_1mm,0.780003,0.964602,1.236665
479,point_flaky_mixed,ulcer_leq_50pct,patch_gt_1mm,0.756649,0.9925,1.311705
480,point_flaky_mixed,ulcer_geq_75pct,patch_gt_1mm,0.772468,0.91889,1.18955
481,point_flaky_mixed,ulcer_leq_50pct,patch_gt_1mm,0.777792,0.961415,1.236082
482,point_flaky_mixed,ulcer_geq_75pct,coalescent_macro_punctate,0.778275,0.996356,1.28021
483,point_flaky_mixed,ulcer_geq_75pct,patch_gt_1mm,0.809373,0.981879,1.213136
484,point_flaky_mixed,ulcer_leq_25pct,micro_punctate,0.789707,0.988927,1.252271
485,point_flaky_mixed,ulcer_leq_50pct,patch_gt_1mm,0.788123,0.997601,1.265794
486,point_flaky_mixed,ulcer_geq_75pct,patch_gt_1mm,0.793566,0.941199,1.186036
487,point_flaky_mixed,ulcer_geq_75pct,micro_punctate,0.761974,0.996969,1.308403
488,point_flaky_mixed,ulcer_leq_25pct,patch_gt_1mm,0.791952,0.929764,1.174015
489,point_flaky_mixed,ulcer_geq_75pct,patch_gt_1mm,0.774487,0.972846,1.256117
490,point_flaky_mixed,ulcer_leq_25pct,patch_gt_1mm,0.782067,0.999026,1.277417
491,point_flaky_mixed,ulcer_geq_75pct,patch_gt_1mm,0.785549,0.991696,1.262423
492,point_flaky_mixed,ulcer_geq_75pct,patch_gt_1mm,0.766006,0.987631,1.289325
493,point_flaky_mixed,ulcer_leq_50pct,patch_gt_1mm,0.780158,0.998346,1.279672
494,point_flaky_mixed,ulcer_geq_75pct,patch_gt_1mm,0.771037,0.985972,1.278762
495,point_flaky_mixed,ulcer_geq_75pct,patch_gt_1mm,0.737824,0.988982,1.340404
496,point_flaky_mixed,ulcer_geq_75pct,patch_gt_1mm,0.790297,0.980147,1.240226
497,point_flaky_mixed,ulcer_geq_75pct,patch_gt_1mm,0.781908,0.984918,1.259634
498,point_flaky_mixed,ulcer_geq_75pct,patch_gt_1mm,0.788736,0.981614,1.24454
499,point_flaky_mixed,ulcer_geq_75pct,patch_gt_1mm,0.782497,0.968665,1.237916
500,point_flaky_mixed,ulcer_leq_50pct,patch_gt_1mm,0.784311,0.996894,1.271045
501,point_flaky_mixed,ulcer_leq_50pct,patch_gt_1mm,0.753786,0.986303,1.308466
502,point_flaky_mixed,ulcer_leq_50pct,patch_gt_1mm,0.775469,0.993338,1.280952
503,point_flaky_mixed,ulcer_geq_75pct,patch_gt_1mm,0.746616,0.987667,1.322857
504,point_flaky_mixed,ulcer_leq_25pct,patch_gt_1mm,0.78374,0.996622,1.271624
505,point_flaky_mixed,ulcer_leq_25pct,patch_gt_1mm,0.771624,0.98183,1.27242
506,point_flaky_mixed,ulcer_leq_50pct,patch_gt_1mm,0.809087,0.997074,1.232345
507,point_flaky_mixed,ulcer_geq_75pct,patch_gt_1mm,0.714755,0.974615,1.363565
508,point_flaky_mixed,ulcer_geq_75pct,coalescent_macro_punctate,0.804059,0.997176,1.240177
509,point_flaky_mixed,ulcer_leq_50pct,patch_gt_1mm,0.747403,0.99432,1.330367
510,point_flaky_mixed,ulcer_leq_50pct,patch_gt_1mm,0.807688,0.94712,1.17263
511,point_flaky_mixed,ulcer_leq_25pct,patch_gt_1mm,0.792758,0.990927,1.249973
512,point_flaky_mixed,ulcer_leq_50pct,patch_gt_1mm,0.80618,0.955025,1.18463
513,point_flaky_mixed,ulcer_leq_50pct,patch_gt_1mm,0.753171,0.994146,1.319948
514,point_flaky_mixed,ulcer_leq_25pct,patch_gt_1mm,0.76113,0.880534,1.156878
515,point_flaky_mixed,ulcer_leq_50pct,patch_gt_1mm,0.755844,0.994172,1.315314
516,point_flaky_mixed,ulcer_geq_75pct,patch_gt_1mm,0.765355,0.972818,1.271067
517,point_flaky_mixed,ulcer_geq_75pct,patch_gt_1mm,0.764647,0.992946,1.298569
518,point_flaky_mixed,ulcer_geq_75pct,patch_gt_1mm,0.742771,0.940218,1.265824
519,point_flaky_mixed,ulcer_leq_50pct,patch_gt_1mm,0.575761,0.980509,1.702978
520,point_flaky_mixed,ulcer_geq_75pct,patch_gt_1mm,0.776221,0.981425,1.264364
521,point_flaky_mixed,ulcer_leq_25pct,patch_gt_1mm,0.825897,0.974657,1.18012
522,point_flaky_mixed,ulcer_leq_25pct,patch_gt_1mm,0.78632,0.956272,1.216136
523,point_flaky_mixed,ulcer_leq_50pct,patch_gt_1mm,0.787194,0.979053,1.243726
524,point_flaky_mixed,ulcer_leq_25pct,micro_punctate,0.794166,0.987114,1.242957
525,point_flaky_mixed,ulcer_geq_75pct,patch_gt_1mm,0.794676,0.997627,1.255389
526,point_flaky_mixed,ulcer_leq_25pct,patch_gt_1mm,0.789445,0.995987,1.261629
527,point_flaky_mixed,ulcer_geq_75pct,patch_gt_1mm,0.827164,0.960321,1.16098
528,point_flaky_mixed,ulcer_leq_50pct,patch_gt_1mm,0.762704,0.986115,1.292918
529,point_flaky_mixed,ulcer_geq_75pct,patch_gt_1mm,0.798662,0.947604,1.186489
530,point_flaky_mixed,ulcer_leq_50pct,patch_gt_1mm,0.784247,0.988,1.259807
531,point_flaky_mixed,ulcer_leq_50pct,patch_gt_1mm,0.792929,0.955399,1.204899
532,point_flaky_mixed,ulcer_geq_75pct,patch_gt_1mm,0.813045,0.935659,1.150808
533,point_flaky_mixed,ulcer_leq_25pct,patch_gt_1mm,0.758619,0.96949,1.277967
534,point_flaky_mixed,ulcer_leq_50pct,patch_gt_1mm,0.764103,0.985745,1.290068
535,point_flaky_mixed,ulcer_geq_75pct,patch_gt_1mm,0.769934,0.992587,1.289184
536,point_flaky_mixed,ulcer_geq_75pct,patch_gt_1mm,0.594157,0.969848,1.63231
537,point_flaky_mixed,ulcer_geq_75pct,patch_gt_1mm,0.773498,0.990761,1.280883
538,point_flaky_mixed,ulcer_leq_50pct,patch_gt_1mm,0.762761,0.997641,1.307934
539,point_flaky_mixed,ulcer_geq_75pct,patch_gt_1mm,0.780815,0.958465,1.227519
540,point_flaky_mixed,ulcer_geq_75pct,patch_gt_1mm,0.820293,0.960342,1.170731
541,point_flaky_mixed,ulcer_geq_75pct,patch_gt_1mm,0.839786,0.972222,1.157702
542,point_flaky_mixed,ulcer_leq_50pct,patch_gt_1mm,0.835711,0.997255,1.193301
543,point_flaky_mixed,ulcer_leq_50pct,patch_gt_1mm,0.831948,0.97763,1.175111
544,point_flaky_mixed,ulcer_leq_50pct,patch_gt_1mm,0.842541,0.996851,1.183149
545,point_flaky_mixed,ulcer_geq_75pct,patch_gt_1mm,0.727405,0.945101,1.299277
546,point_flaky_mixed,ulcer_leq_50pct,patch_gt_1mm,0.454619,0.930938,2.047732
547,point_flaky_mixed,ulcer_leq_50pct,patch_gt_1mm,0.810059,0.999567,1.233944
548,point_flaky_mixed,ulcer_leq_50pct,patch_gt_1mm,0.797492,0.992774,1.24487
549,point_flaky_mixed,ulcer_leq_50pct,patch_gt_1mm,0.488495,0.980782,2.00776
550,point_flaky_mixed,ulcer_leq_25pct,patch_gt_1mm,0.797098,0.987989,1.239482
551,point_flaky_mixed,ulcer_leq_25pct,patch_gt_1mm,0.73396,0.998385,1.360272
552,point_flaky_mixed,ulcer_leq_25pct,patch_gt_1mm,0.767809,0.98583,1.283952
553,point_flaky_mixed,ulcer_leq_50pct,patch_gt_1mm,0.780049,0.977423,1.253028
554,point_flaky_mixed,ulcer_leq_25pct,patch_gt_1mm,0.770524,0.938694,1.218254
555,point_flaky_mixed,ulcer_leq_50pct,patch_gt_1mm,0.770956,0.996339,1.292342
556,point_flaky_mixed,ulcer_leq_50pct,patch_gt_1mm,0.778757,0.975416,1.252529
557,point_flaky_mixed,ulcer_geq_75pct,patch_gt_1mm,0.785764,0.979275,1.24627
558,point_flaky_mixed,ulcer_leq_50pct,patch_gt_1mm,0.524134,0.973723,1.857773
559,point_flaky_mixed,ulcer_leq_50pct,patch_gt_1mm,0.796741,0.988895,1.241175
560,point_flaky_mixed,ulcer_geq_75pct,patch_gt_1mm,0.74997,0.976546,1.302113
561,point_flaky_mixed,ulcer_geq_75pct,patch_gt_1mm,0.788618,0.993688,1.260036
562,point_flaky_mixed,ulcer_leq_50pct,patch_gt_1mm,0.606684,0.970947,1.600417
563,point_flaky_mixed,ulcer_leq_50pct,patch_gt_1mm,0.787723,0.99385,1.261674
564,point_flaky_mixed,ulcer_leq_50pct,patch_gt_1mm,0.835553,0.998497,1.195013
565,point_flaky_mixed,ulcer_leq_50pct,patch_gt_1mm,0.383888,0.967686,2.520751
566,point_flaky_mixed,ulcer_leq_50pct,patch_gt_1mm,0.814015,0.990223,1.216467
567,point_flaky_mixed,ulcer_leq_50pct,patch_gt_1mm,0.770788,0.999467,1.296682
568,point_flaky_mixed,ulcer_leq_50pct,patch_gt_1mm,0.645808,0.995395,1.541318
569,point_flaky_mixed,ulcer_leq_50pct,patch_gt_1mm,0.77027,0.989358,1.284429
570,point_flaky_mixed,ulcer_leq_50pct,patch_gt_1mm,0.635585,0.977311,1.537657
571,point_flaky_mixed,ulcer_leq_50pct,patch_gt_1mm,0.849882,0.990884,1.165907
572,point_flaky_mixed,ulcer_leq_50pct,patch_gt_1mm,0.827425,0.990265,1.196803
573,point_flaky_mixed,ulcer_leq_50pct,patch_gt_1mm,0.809956,0.994549,1.227906
574,point_flaky_mixed,ulcer_leq_50pct,patch_gt_1mm,0.438211,0.998241,2.277993
575,point_flaky_mixed,ulcer_geq_75pct,patch_gt_1mm,0.771444,0.995885,1.290935
576,point_flaky_mixed,ulcer_geq_75pct,patch_gt_1mm,0.777498,0.986049,1.268234
577,point_flaky_mixed,ulcer_leq_50pct,patch_gt_1mm,0.769496,0.99561,1.293847
578,point_flaky_mixed,ulcer_geq_75pct,patch_gt_1mm,0.782735,0.993618,1.269418
579,point_flaky_mixed,ulcer_leq_25pct,patch_gt_1mm,0.758297,0.992969,1.309473
580,point_flaky_mixed,ulcer_leq_50pct,patch_gt_1mm,0.7699,0.998647,1.297113
581,point_flaky_mixed,ulcer_leq_50pct,patch_gt_1mm,0.781406,0.995297,1.273726
582,point_flaky_mixed,ulcer_geq_75pct,patch_gt_1mm,0.75518,0.997724,1.321175
583,point_flaky_mixed,ulcer_leq_50pct,macro_punctate,0.808003,0.997651,1.234712
584,point_flaky_mixed,ulcer_leq_50pct,patch_gt_1mm,0.539893,0.995824,1.844485
585,point_flaky_mixed,ulcer_leq_25pct,patch_gt_1mm,0.435529,0.998453,2.292506
586,point_flaky_mixed,ulcer_leq_50pct,patch_gt_1mm,0.762583,0.999186,1.310266
587,point_flaky_mixed,ulcer_leq_50pct,patch_gt_1mm,0.5992,0.965242,1.610885
588,point_flaky_mixed,ulcer_leq_50pct,patch_gt_1mm,0.77994,0.989063,1.268126
589,point_flaky_mixed,ulcer_leq_50pct,patch_gt_1mm,0.426886,0.989828,2.318716
590,point_flaky_mixed,ulcer_geq_75pct,patch_gt_1mm,0.414149,0.98544,2.379435
591,point_flaky_mixed,ulcer_geq_75pct,patch_gt_1mm,0.481078,0.860761,1.789235
592,point_flaky_mixed,ulcer_leq_25pct,patch_gt_1mm,0.786431,0.995891,1.266342
593,point_flaky_mixed,ulcer_leq_50pct,patch_gt_1mm,0.790664,0.998971,1.26346
594,point_flaky_mixed,ulcer_geq_75pct,patch_gt_1mm,0.521065,0.90113,1.7294
595,point_flaky_mixed,ulcer_geq_75pct,patch_gt_1mm,0.475721,0.990319,2.081724
596,point_flaky_mixed,ulcer_geq_75pct,patch_gt_1mm,0.509805,0.989197,1.940343
597,point_flaky_mixed,ulcer_geq_75pct,patch_gt_1mm,0.447966,0.986411,2.201976
598,point_flaky_mixed,ulcer_geq_75pct,patch_gt_1mm,0.528799,0.992973,1.87779
599,point_flaky_mixed,ulcer_leq_25pct,patch_gt_1mm,0.468539,0.99577,2.125265
600,point_flaky_mixed,ulcer_geq_75pct,patch_gt_1mm,0.762136,0.985188,1.292667
601,point_flaky_mixed,ulcer_geq_75pct,patch_gt_1mm,0.740282,0.989333,1.336427
602,point_flaky_mixed,ulcer_leq_50pct,patch_gt_1mm,0.570922,0.992271,1.738016
603,point_flaky_mixed,ulcer_geq_75pct,patch_gt_1mm,0.781622,0.957024,1.224408
604,point_flaky_mixed,ulcer_geq_75pct,patch_gt_1mm,0.705832,0.883792,1.252128
605,point_flaky_mixed,ulcer_geq_75pct,patch_gt_1mm,0.796969,0.99952,1.254151
606,point_flaky_mixed,ulcer_geq_75pct,patch_gt_1mm,0.79214,0.991509,1.251684
607,point_flaky_mixed,ulcer_leq_50pct,patch_gt_1mm,0.768505,0.994618,1.294224
608,point_flaky_mixed,ulcer_geq_75pct,patch_gt_1mm,0.749075,0.999765,1.334667
609,point_flaky_mixed,ulcer_geq_75pct,patch_gt_1mm,0.798429,0.997094,1.24882
610,point_flaky_mixed,ulcer_leq_25pct,patch_gt_1mm,0.768863,0.993766,1.292514
611,point_flaky_mixed,ulcer_geq_75pct,patch_gt_1mm,0.744177,0.97606,1.311598
612,point_flaky_mixed,ulcer_geq_75pct,patch_gt_1mm,0.759522,0.989887,1.303304
613,point_flaky_mixed,ulcer_leq_25pct,micro_punctate,0.859211,0.993248,1.156
614,point_flaky_mixed,ulcer_leq_25pct,patch_gt_1mm,0.799574,0.993731,1.242826
615,point_flaky_mixed,ulcer_geq_75pct,patch_gt_1mm,0.762527,0.992851,1.302054
616,point_flaky_mixed,ulcer_geq_75pct,patch_gt_1mm,0.761794,0.973344,1.2777
617,point_flaky_mixed,ulcer_geq_75pct,patch_gt_1mm,0.746456,0.992287,1.329331
618,point_flaky_mixed,ulcer_leq_50pct,patch_gt_1mm,0.441943,0.993832,2.24878
619,point_flaky_mixed,ulcer_geq_75pct,patch_gt_1mm,0.741246,0.99236,1.338772
620,point_flaky_mixed,ulcer_leq_25pct,patch_gt_1mm,0.719831,0.98835,1.373031
621,point_flaky_mixed,ulcer_geq_75pct,patch_gt_1mm,0.445689,0.996171,2.235124
622,flaky,central_ulcer,patch_gt_1mm,0.771999,0.878062,1.137389
623,flaky,central_ulcer,patch_gt_1mm,0.739657,0.912648,1.233879
624,flaky,central_ulcer,coalescent_macro_punctate,0.74513,0.985648,1.322787
625,flaky,central_ulcer,patch_gt_1mm,0.397615,0.992956,2.49728
626,flaky,central_ulcer,patch_gt_1mm,0.548963,0.971303,1.769342
627,flaky,central_ulcer,micro_punctate,0.790368,0.999833,1.265023
628,flaky,central_ulcer,patch_gt_1mm,0.837589,0.836859,0.999129
629,flaky,central_ulcer,patch_gt_1mm,0.780335,0.891474,1.142424
630,flaky,central_ulcer,micro_punctate,0.806606,0.999414,1.239037
631,flaky,central_ulcer,micro_punctate,0.784609,0.999242,1.273553
632,flaky,central_ulcer,patch_gt_1mm,0.799413,0.983178,1.229875
633,flaky,central_ulcer,micro_punctate,0.804857,0.987703,1.227178
634,flaky,central_ulcer,patch_gt_1mm,0.816228,0.938072,1.149277
635,flaky,central_ulcer,patch_gt_1mm,0.757513,0.917062,1.210622
636,flaky,central_ulcer,micro_punctate,0.782027,0.975315,1.247164
637,flaky,central_ulcer,micro_punctate,0.780809,0.963655,1.234175
638,flaky,central_ulcer,micro_punctate,0.80009,0.996431,1.245399
639,flaky,central_ulcer,micro_punctate,0.786205,0.993983,1.26428
640,flaky,central_ulcer,patch_gt_1mm,0.833722,0.969769,1.163181
641,flaky,central_ulcer,micro_punctate,0.81064,0.972034,1.199095
642,flaky,central_ulcer,micro_punctate,0.764817,0.981878,1.283808
643,flaky,central_ulcer,patch_gt_1mm,0.773585,0.967904,1.251193
644,flaky,central_ulcer,patch_gt_1mm,0.747615,0.843673,1.128486
645,flaky,central_ulcer,patch_gt_1mm,0.791026,0.847403,1.071271
646,flaky,central_ulcer,micro_punctate,0.808143,0.997789,1.234668
647,flaky,central_ulcer,patch_gt_1mm,0.790648,0.982611,1.242793
648,flaky,central_ulcer,patch_gt_1mm,0.755102,0.989192,1.310012
649,flaky,central_ulcer,patch_gt_1mm,0.747578,0.947375,1.267258
650,flaky,central_ulcer,micro_punctate,0.788926,0.982822,1.245772
651,flaky,central_ulcer,patch_gt_1mm,0.808464,0.974523,1.2054
652,flaky,central_ulcer,patch_gt_1mm,0.755794,0.932405,1.233676
653,flaky,central_ulcer,patch_gt_1mm,0.769125,0.934312,1.214773
654,flaky,central_ulcer,micro_punctate,0.794206,0.988597,1.244761
655,flaky,central_ulcer,patch_gt_1mm,0.820066,0.933389,1.138187
656,flaky,central_ulcer,patch_gt_1mm,0.784732,0.968023,1.233571
657,flaky,central_ulcer,micro_punctate,0.821844,0.98858,1.202879
658,flaky,central_ulcer,patch_gt_1mm,0.830096,0.968607,1.166862
659,flaky,central_ulcer,patch_gt_1mm,0.769388,0.892428,1.15992
660,flaky,central_ulcer,patch_gt_1mm,0.816127,0.959613,1.175814
661,flaky,central_ulcer,patch_gt_1mm,0.601693,0.908679,1.510204
662,flaky,central_ulcer,patch_gt_1mm,0.729198,0.875171,1.200184
663,flaky,central_ulcer,micro_punctate,0.810094,0.993121,1.225932
664,flaky,central_ulcer,patch_gt_1mm,0.801465,0.991029,1.236522
665,flaky,central_ulcer,patch_gt_1mm,0.765827,0.893212,1.166336
666,flaky,central_ulcer,patch_gt_1mm,0.779194,0.984178,1.263072
667,flaky,central_ulcer,patch_gt_1mm,0.813427,0.938714,1.154024
668,flaky,central_ulcer,patch_gt_1mm,0.795645,0.995588,1.251296
669,flaky,central_ulcer,patch_gt_1mm,0.769792,0.978002,1.270475
670,flaky,central_ulcer,micro_punctate,0.757124,0.988514,1.305617
671,flaky,central_ulcer,micro_punctate,0.808776,0.986726,1.220024
672,flaky,central_ulcer,patch_gt_1mm,0.837351,0.998909,1.192939
673,flaky,central_ulcer,patch_gt_1mm,0.77395,0.971414,1.255138
674,flaky,central_ulcer,patch_gt_1mm,0.816424,0.972814,1.191554
675,flaky,central_ulcer,micro_punctate,0.814479,0.996023,1.222896
676,flaky,central_ulcer,patch_gt_1mm,0.772235,0.984246,1.274542
677,flaky,central_ulcer,coalescent_macro_punctate,0.812395,0.998305,1.228841
678,flaky,central_ulcer,patch_gt_1mm,0.831091,0.861354,1.036414
679,flaky,central_ulcer,patch_gt_1mm,0.764429,0.787583,1.030288
680,flaky,central_ulcer,patch_gt_1mm,0.775543,0.99847,1.287446
681,flaky,central_ulcer,patch_gt_1mm,0.777177,0.916939,1.179833
682,flaky,central_ulcer,patch_gt_1mm,0.759555,0.983206,1.29445
683,flaky,central_ulcer,patch_gt_1mm,0.905334,0.908764,1.003789
684,flaky,central_ulcer,patch_gt_1mm,0.797056,0.979931,1.229438
685,flaky,central_ulcer,patch_gt_1mm,0.733276,0.792281,1.080467
686,flaky,central_ulcer,patch_gt_1mm,0.818306,0.824372,1.007412
687,flaky,central_ulcer,patch_gt_1mm,0.809263,0.960386,1.186741
688,flaky,central_ulcer,patch_gt_1mm,0.74184,0.779869,1.051264
689,flaky,central_ulcer,patch_gt_1mm,0.768821,0.986315,1.282892
690,flaky,central_ulcer,patch_gt_1mm,0.778352,0.866427,1.113155
691,flaky,central_ulcer,patch_gt_1mm,0.802607,0.851602,1.061045
692,flaky,central_ulcer,patch_gt_1mm,0.71589,0.754702,1.054215
693,flaky,central_ulcer,patch_gt_1mm,0.429369,0.945081,2.201092
694,flaky,central_ulcer,patch_gt_1mm,0.838936,0.915288,1.091011
695,flaky,central_ulcer,patch_gt_1mm,0.798617,0.985534,1.234051
696,flaky,central_ulcer,patch_gt_1mm,0.74762,0.954039,1.276102
697,flaky,central_ulcer,patch_gt_1mm,0.76761,0.92417,1.203958
698,flaky,central_ulcer,patch_gt_1mm,0.776133,0.97981,1.262425
699,flaky,central_ulcer,micro_punctate,0.498215,0.996984,2.00111
700,flaky,central_ulcer,patch_gt_1mm,0.773627,0.998336,1.290462
701,flaky,central_ulcer,patch_gt_1mm,0.555903,0.94316,1.696629
702,flaky,central_ulcer,patch_gt_1mm,0.836624,0.894426,1.069089
703,flaky,central_ulcer,patch_gt_1mm,0.771703,0.999342,1.294982
704,flaky,central_ulcer,micro_punctate,0.79902,0.995804,1.246281
705,flaky,central_ulcer,patch_gt_1mm,0.751423,0.967082,1.287001
706,flaky,central_ulcer,micro_punctate,0.734929,0.982092,1.336308
707,flaky,central_ulcer,macro_punctate,0.770524,0.996849,1.29373
708,flaky,central_ulcer,macro_punctate,0.775032,0.981051,1.265819
709,flaky,central_ulcer,macro_punctate,0.758105,0.996992,1.315111
710,flaky,central_ulcer,micro_punctate,0.749159,0.998584,1.332939
711,flaky,central_ulcer,coalescent_macro_punctate,0.46864,0.940103,2.006026
712,flaky,central_ulcer,patch_gt_1mm,0.769707,0.999025,1.297929
